"Origin","Recipient","Total number of samples","Average no samples per year","Region_origin","Region_recipient"
"Afghanistan","Canada",196,26.1333333333333,"West Asia","Canada"
"Afghanistan","Chile",1,0.133333333333333,"West Asia","Andes"
"Afghanistan","China",1,0.133333333333333,"West Asia","East Asia"
"Afghanistan","Poland",3,0.4,"West Asia","NE Europe"
"Afghanistan","United States of America",3,0.4,"West Asia","United States"
"Albania","Canada",6,0.8,"SE Europe","Canada"
"Algeria","Belarus",1,0.133333333333333,"SE Mediterranean","NE Europe"
"Algeria","Canada",88,11.7333333333333,"SE Mediterranean","Canada"
"Algeria","China",16,2.13333333333333,"SE Mediterranean","East Asia"
"Algeria","Germany",5,0.666666666666667,"SE Mediterranean","NW Europe"
"Algeria","India",9,1.2,"SE Mediterranean","South Asia"
"Algeria","Iran (Islamic Republic of)",1,0.133333333333333,"SE Mediterranean","West Asia"
"Algeria","Israel",1,0.133333333333333,"SE Mediterranean","West Asia"
"Algeria","Poland",50,6.66666666666667,"SE Mediterranean","NE Europe"
"Algeria","Russian Federation",4,0.533333333333333,"SE Mediterranean","NE Europe"
"Algeria","Ukraine",5,0.666666666666667,"SE Mediterranean","NE Europe"
"Algeria","United Kingdom",3,0.4,"SE Mediterranean","NW Europe"
"Algeria","United States of America",11,1.46666666666667,"SE Mediterranean","United States"
"Argentina","Argentina",1,0.133333333333333,"Temp. S. America","Temp. S. America"
"Argentina","Belarus",2,0.266666666666667,"Temp. S. America","NE Europe"
"Argentina","Bulgaria",1,0.133333333333333,"Temp. S. America","SE Europe"
"Argentina","Canada",133,17.7333333333333,"Temp. S. America","Canada"
"Argentina","Chile",2,0.266666666666667,"Temp. S. America","Andes"
"Argentina","China",4,0.533333333333333,"Temp. S. America","East Asia"
"Argentina","France",1,0.133333333333333,"Temp. S. America","NW Europe"
"Argentina","Germany",15,2,"Temp. S. America","NW Europe"
"Argentina","Iran (Islamic Republic of)",1,0.133333333333333,"Temp. S. America","West Asia"
"Argentina","Norway",4,0.533333333333333,"Temp. S. America","NW Europe"
"Argentina","Poland",2,0.266666666666667,"Temp. S. America","NE Europe"
"Argentina","Turkey",3,0.4,"Temp. S. America","West Asia"
"Argentina","United Kingdom",1,0.133333333333333,"Temp. S. America","NW Europe"
"Armenia","Belarus",1,0.133333333333333,"Central Asia","NE Europe"
"Armenia","Bulgaria",1,0.133333333333333,"Central Asia","SE Europe"
"Armenia","Canada",19,2.53333333333333,"Central Asia","Canada"
"Armenia","China",1,0.133333333333333,"Central Asia","East Asia"
"Armenia","United Kingdom",4,0.533333333333333,"Central Asia","NW Europe"
"Armenia","United States of America",4,0.533333333333333,"Central Asia","United States"
"Australia","Argentina",1,0.133333333333333,"Australia New Zealand","Temp. S. America"
"Australia","Belarus",1,0.133333333333333,"Australia New Zealand","NE Europe"
"Australia","Canada",241,32.1333333333333,"Australia New Zealand","Canada"
"Australia","China",19,2.53333333333333,"Australia New Zealand","East Asia"
"Australia","China, Taiwan Province of",2,0.266666666666667,"Australia New Zealand","East Asia"
"Australia","Croatia",1,0.133333333333333,"Australia New Zealand","SE Europe"
"Australia","Egypt",5,0.666666666666667,"Australia New Zealand","SE Mediterranean"
"Australia","Estonia",2,0.266666666666667,"Australia New Zealand","NE Europe"
"Australia","Germany",8,1.06666666666667,"Australia New Zealand","NW Europe"
"Australia","Iran (Islamic Republic of)",1,0.133333333333333,"Australia New Zealand","West Asia"
"Australia","Pakistan",2,0.266666666666667,"Australia New Zealand","West Asia"
"Australia","Poland",22,2.93333333333333,"Australia New Zealand","NE Europe"
"Australia","Republic of Korea",1,0.133333333333333,"Australia New Zealand","East Asia"
"Australia","United States of America",6,0.8,"Australia New Zealand","United States"
"Austria","Canada",33,4.4,"NW Europe","Canada"
"Austria","Chile",1,0.133333333333333,"NW Europe","Andes"
"Austria","China",3,0.4,"NW Europe","East Asia"
"Austria","Pakistan",1,0.133333333333333,"NW Europe","West Asia"
"Azerbaijan","Bulgaria",1,0.133333333333333,"Central Asia","SE Europe"
"Azerbaijan","Canada",35,4.66666666666667,"Central Asia","Canada"
"Azerbaijan","China",8,1.06666666666667,"Central Asia","East Asia"
"Azerbaijan","Germany",1,0.133333333333333,"Central Asia","NW Europe"
"Azerbaijan","Iran (Islamic Republic of)",2,0.266666666666667,"Central Asia","West Asia"
"Azerbaijan","Poland",2,0.266666666666667,"Central Asia","NE Europe"
"Azerbaijan","Russian Federation",1,0.133333333333333,"Central Asia","NE Europe"
"Azerbaijan","United Kingdom",3,0.4,"Central Asia","NW Europe"
"Azerbaijan","United States of America",14,1.86666666666667,"Central Asia","United States"
"Bangladesh","Canada",27,3.6,"South Asia","Canada"
"Belarus","Canada",9,1.2,"NE Europe","Canada"
"Belarus","China",2,0.266666666666667,"NE Europe","East Asia"
"Belarus","United Kingdom",1,0.133333333333333,"NE Europe","NW Europe"
"Belgium","Bulgaria",2,0.266666666666667,"NW Europe","SE Europe"
"Belgium","Canada",30,4,"NW Europe","Canada"
"Belgium","Chile",1,0.133333333333333,"NW Europe","Andes"
"Belgium","China",2,0.266666666666667,"NW Europe","East Asia"
"Belgium","Japan",1,0.133333333333333,"NW Europe","East Asia"
"Belgium","New Zealand",1,0.133333333333333,"NW Europe","Australia New Zealand"
"Benin","China, Taiwan Province of",24,3.2,"West Africa","East Asia"
"Bhutan","Canada",105,14,"South Asia","Canada"
"Bolivia (Plurinational State of)","Canada",15,2,"Andes","Canada"
"Bolivia (Plurinational State of)","Germany",2,0.266666666666667,"Andes","NW Europe"
"Bolivia (Plurinational State of)","Republic of Korea",1,0.133333333333333,"Andes","East Asia"
"Brazil","Canada",145,19.3333333333333,"Trop. S. America","Canada"
"Brazil","China",2,0.266666666666667,"Trop. S. America","East Asia"
"Brazil","Ethiopia",5,0.666666666666667,"Trop. S. America","East Africa"
"Brazil","Germany",2,0.266666666666667,"Trop. S. America","NW Europe"
"Brazil","Poland",2,0.266666666666667,"Trop. S. America","NE Europe"
"Bulgaria","Canada",79,10.5333333333333,"SE Europe","Canada"
"Bulgaria","China",4,0.533333333333333,"SE Europe","East Asia"
"Bulgaria","Egypt",10,1.33333333333333,"SE Europe","SE Mediterranean"
"Bulgaria","Germany",3,0.4,"SE Europe","NW Europe"
"Bulgaria","Poland",1,0.133333333333333,"SE Europe","NE Europe"
"Burkina Faso","China, Taiwan Province of",5,0.666666666666667,"West Africa","East Asia"
"Burkina Faso","India",76,10.1333333333333,"West Africa","South Asia"
"Cameroon","India",5,0.666666666666667,"Central Africa","South Asia"
"Canada","Argentina",18,2.4,"Canada","Temp. S. America"
"Canada","Australia",34,4.53333333333333,"Canada","Australia New Zealand"
"Canada","Austria",10,1.33333333333333,"Canada","NW Europe"
"Canada","Belarus",24,3.2,"Canada","NE Europe"
"Canada","Belgium",2,0.266666666666667,"Canada","NW Europe"
"Canada","Bulgaria",74,9.86666666666667,"Canada","SE Europe"
"Canada","Canada",4410,588,"Canada","Canada"
"Canada","Chile",20,2.66666666666667,"Canada","Andes"
"Canada","China",646,86.1333333333333,"Canada","East Asia"
"Canada","China, Taiwan Province of",34,4.53333333333333,"Canada","East Asia"
"Canada","Croatia",6,0.8,"Canada","SE Europe"
"Canada","Czech Republic",67,8.93333333333333,"Canada","NE Europe"
"Canada","Denmark",2,0.266666666666667,"Canada","NW Europe"
"Canada","Egypt",171,22.8,"Canada","SE Mediterranean"
"Canada","Estonia",41,5.46666666666667,"Canada","NE Europe"
"Canada","Ethiopia",14,1.86666666666667,"Canada","East Africa"
"Canada","Finland",9,1.2,"Canada","NW Europe"
"Canada","France",110,14.6666666666667,"Canada","NW Europe"
"Canada","Germany",363,48.4,"Canada","NW Europe"
"Canada","Hungary",8,1.06666666666667,"Canada","NE Europe"
"Canada","Iceland",8,1.06666666666667,"Canada","NW Europe"
"Canada","India",26,3.46666666666667,"Canada","South Asia"
"Canada","Iran (Islamic Republic of)",24,3.2,"Canada","West Asia"
"Canada","Israel",5,0.666666666666667,"Canada","West Asia"
"Canada","Italy",27,3.6,"Canada","SW Europe"
"Canada","Japan",43,5.73333333333333,"Canada","East Asia"
"Canada","Jordan",6,0.8,"Canada","West Asia"
"Canada","Luxembourg",1,0.133333333333333,"Canada","NW Europe"
"Canada","Mongolia",34,4.53333333333333,"Canada","East Asia"
"Canada","Morocco",5,0.666666666666667,"Canada","SE Mediterranean"
"Canada","Netherlands",23,3.06666666666667,"Canada","NW Europe"
"Canada","New Zealand",13,1.73333333333333,"Canada","Australia New Zealand"
"Canada","Norway",37,4.93333333333333,"Canada","NW Europe"
"Canada","Pakistan",162,21.6,"Canada","West Asia"
"Canada","Poland",47,6.26666666666667,"Canada","NE Europe"
"Canada","Republic of Korea",24,3.2,"Canada","East Asia"
"Canada","Romania",9,1.2,"Canada","NE Europe"
"Canada","Russian Federation",40,5.33333333333333,"Canada","NE Europe"
"Canada","Slovakia",1,0.133333333333333,"Canada","NE Europe"
"Canada","Spain",4,0.533333333333333,"Canada","SW Europe"
"Canada","Sudan (former)",4,0.533333333333333,"Canada","East Africa"
"Canada","Tunisia",8,1.06666666666667,"Canada","SE Mediterranean"
"Canada","Turkey",17,2.26666666666667,"Canada","West Asia"
"Canada","Ukraine",114,15.2,"Canada","NE Europe"
"Canada","United Kingdom",57,7.6,"Canada","NW Europe"
"Canada","United States of America",168,22.4,"Canada","United States"
"Canada","Viet Nam",6,0.8,"Canada","Southeast Asia"
"Canada","Zambia",69,9.2,"Canada","Southern Africa"
"Chad","Canada",1,0.133333333333333,"West Africa","Canada"
"Chad","India",18,2.4,"West Africa","South Asia"
"Chad","Romania",1,0.133333333333333,"West Africa","NE Europe"
"Chile","Canada",10,1.33333333333333,"Andes","Canada"
"Chile","China",7,0.933333333333333,"Andes","East Asia"
"Chile","China, Taiwan Province of",1,0.133333333333333,"Andes","East Asia"
"Chile","Germany",34,4.53333333333333,"Andes","NW Europe"
"Chile","Iran (Islamic Republic of)",1,0.133333333333333,"Andes","West Asia"
"Chile","Poland",2,0.266666666666667,"Andes","NE Europe"
"China","Australia",3,0.4,"East Asia","Australia New Zealand"
"China","Bulgaria",1,0.133333333333333,"East Asia","SE Europe"
"China","Canada",581,77.4666666666667,"East Asia","Canada"
"China","China",13,1.73333333333333,"East Asia","East Asia"
"China","China, Taiwan Province of",1,0.133333333333333,"East Asia","East Asia"
"China","Egypt",6,0.8,"East Asia","SE Mediterranean"
"China","France",6,0.8,"East Asia","NW Europe"
"China","Germany",27,3.6,"East Asia","NW Europe"
"China","India",13,1.73333333333333,"East Asia","South Asia"
"China","Japan",5,0.666666666666667,"East Asia","East Asia"
"China","New Zealand",2,0.266666666666667,"East Asia","Australia New Zealand"
"China","Norway",2,0.266666666666667,"East Asia","NW Europe"
"China","Pakistan",1,0.133333333333333,"East Asia","West Asia"
"China","Poland",13,1.73333333333333,"East Asia","NE Europe"
"China","Russian Federation",1,0.133333333333333,"East Asia","NE Europe"
"China","Turkey",2,0.266666666666667,"East Asia","West Asia"
"China","United Kingdom",2,0.266666666666667,"East Asia","NW Europe"
"China, Taiwan Province of","Canada",18,2.4,"East Asia","Canada"
"China, Taiwan Province of","France",2,0.266666666666667,"East Asia","NW Europe"
"China, Taiwan Province of","Germany",2,0.266666666666667,"East Asia","NW Europe"
"Colombia","Canada",139,18.5333333333333,"Andes","Canada"
"Colombia","China, Taiwan Province of",2,0.266666666666667,"Andes","East Asia"
"Congo","Canada",2,0.266666666666667,"Central Africa","Canada"
"Congo","Zambia",2,0.266666666666667,"Central Africa","Southern Africa"
"Costa Rica","Chile",1,0.133333333333333,"Central America","Andes"
"Costa Rica","Egypt",2,0.266666666666667,"Central America","SE Mediterranean"
"Costa Rica","United States of America",1,0.133333333333333,"Central America","United States"
"Côte d'Ivoire","China, Taiwan Province of",10,1.33333333333333,"West Africa","East Asia"
"Croatia","Canada",5,0.666666666666667,"SE Europe","Canada"
"Cuba","Canada",1,0.133333333333333,"Caribbean","Canada"
"Cyprus","Canada",22,2.93333333333333,"SE Mediterranean","Canada"
"Cyprus","Chile",4,0.533333333333333,"SE Mediterranean","Andes"
"Cyprus","China, Taiwan Province of",1,0.133333333333333,"SE Mediterranean","East Asia"
"Cyprus","Iran (Islamic Republic of)",1,0.133333333333333,"SE Mediterranean","West Asia"
"Cyprus","Israel",1,0.133333333333333,"SE Mediterranean","West Asia"
"Cyprus","Poland",5,0.666666666666667,"SE Mediterranean","NE Europe"
"Cyprus","Ukraine",1,0.133333333333333,"SE Mediterranean","NE Europe"
"Cyprus","United Kingdom",1,0.133333333333333,"SE Mediterranean","NW Europe"
"Czech Republic","Australia",1,0.133333333333333,"NE Europe","Australia New Zealand"
"Czech Republic","Belgium",1,0.133333333333333,"NE Europe","NW Europe"
"Czech Republic","Canada",90,12,"NE Europe","Canada"
"Czech Republic","Chile",1,0.133333333333333,"NE Europe","Andes"
"Czech Republic","China",9,1.2,"NE Europe","East Asia"
"Czech Republic","France",1,0.133333333333333,"NE Europe","NW Europe"
"Czech Republic","Germany",3,0.4,"NE Europe","NW Europe"
"Czech Republic","Italy",2,0.266666666666667,"NE Europe","SW Europe"
"Czech Republic","Netherlands",4,0.533333333333333,"NE Europe","NW Europe"
"Czech Republic","Norway",2,0.266666666666667,"NE Europe","NW Europe"
"Czech Republic","Republic of Korea",4,0.533333333333333,"NE Europe","East Asia"
"Czech Republic","Turkey",2,0.266666666666667,"NE Europe","West Asia"
"Czech Republic","United Kingdom",6,0.8,"NE Europe","NW Europe"
"Czech Republic","United States of America",5,0.666666666666667,"NE Europe","United States"
"Democratic People's Republic of Korea","Canada",9,1.2,"East Asia","Canada"
"Democratic People's Republic of Korea","Chile",1,0.133333333333333,"East Asia","Andes"
"Denmark","Australia",1,0.133333333333333,"NW Europe","Australia New Zealand"
"Denmark","Canada",81,10.8,"NW Europe","Canada"
"Denmark","China",5,0.666666666666667,"NW Europe","East Asia"
"Denmark","France",1,0.133333333333333,"NW Europe","NW Europe"
"Denmark","Germany",2,0.266666666666667,"NW Europe","NW Europe"
"Denmark","Iceland",1,0.133333333333333,"NW Europe","NW Europe"
"Denmark","Italy",5,0.666666666666667,"NW Europe","SW Europe"
"Denmark","Japan",1,0.133333333333333,"NW Europe","East Asia"
"Ecuador","Canada",6,0.8,"Andes","Canada"
"Ecuador","Jordan",1,0.133333333333333,"Andes","West Asia"
"Egypt","Canada",100,13.3333333333333,"SE Mediterranean","Canada"
"Egypt","China",1,0.133333333333333,"SE Mediterranean","East Asia"
"Egypt","Czech Republic",1,0.133333333333333,"SE Mediterranean","NE Europe"
"Egypt","Germany",1,0.133333333333333,"SE Mediterranean","NW Europe"
"Egypt","Iran (Islamic Republic of)",1,0.133333333333333,"SE Mediterranean","West Asia"
"Egypt","Italy",1,0.133333333333333,"SE Mediterranean","SW Europe"
"Egypt","Jordan",4,0.533333333333333,"SE Mediterranean","West Asia"
"Egypt","Pakistan",2,0.266666666666667,"SE Mediterranean","West Asia"
"Egypt","Poland",4,0.533333333333333,"SE Mediterranean","NE Europe"
"Egypt","United Kingdom",1,0.133333333333333,"SE Mediterranean","NW Europe"
"Egypt","United States of America",2,0.266666666666667,"SE Mediterranean","United States"
"Eritrea","Canada",1,0.133333333333333,"East Africa","Canada"
"Eritrea","Chile",1,0.133333333333333,"East Africa","Andes"
"Estonia","Bulgaria",1,0.133333333333333,"NE Europe","SE Europe"
"Estonia","Canada",12,1.6,"NE Europe","Canada"
"Estonia","France",3,0.4,"NE Europe","NW Europe"
"Estonia","Germany",3,0.4,"NE Europe","NW Europe"
"Estonia","Japan",1,0.133333333333333,"NE Europe","East Asia"
"Estonia","Netherlands",1,0.133333333333333,"NE Europe","NW Europe"
"Estonia","Republic of Korea",1,0.133333333333333,"NE Europe","East Asia"
"Ethiopia","Belarus",2,0.266666666666667,"East Africa","NE Europe"
"Ethiopia","Bulgaria",4,0.533333333333333,"East Africa","SE Europe"
"Ethiopia","Canada",1104,147.2,"East Africa","Canada"
"Ethiopia","China",14,1.86666666666667,"East Africa","East Asia"
"Ethiopia","Germany",1,0.133333333333333,"East Africa","NW Europe"
"Ethiopia","India",67,8.93333333333333,"East Africa","South Asia"
"Ethiopia","Iran (Islamic Republic of)",2,0.266666666666667,"East Africa","West Asia"
"Ethiopia","Israel",1,0.133333333333333,"East Africa","West Asia"
"Ethiopia","Norway",1,0.133333333333333,"East Africa","NW Europe"
"Ethiopia","Poland",29,3.86666666666667,"East Africa","NE Europe"
"Ethiopia","Republic of Korea",1,0.133333333333333,"East Africa","East Asia"
"Ethiopia","Turkey",6,0.8,"East Africa","West Asia"
"Ethiopia","Ukraine",7,0.933333333333333,"East Africa","NE Europe"
"Ethiopia","United Kingdom",4,0.533333333333333,"East Africa","NW Europe"
"Ethiopia","United States of America",13,1.73333333333333,"East Africa","United States"
"Europe_Eastern_south","Australia",2,0.266666666666667,"SE Europe","Australia New Zealand"
"Europe_Eastern_south","Canada",28,3.73333333333333,"SE Europe","Canada"
"Europe_Eastern_south","Chile",1,0.133333333333333,"SE Europe","Andes"
"Europe_Eastern_south","China",3,0.4,"SE Europe","East Asia"
"Europe_Eastern_south","France",5,0.666666666666667,"SE Europe","NW Europe"
"Europe_Eastern_south","Germany",6,0.8,"SE Europe","NW Europe"
"Europe_Eastern_south","Iran (Islamic Republic of)",1,0.133333333333333,"SE Europe","West Asia"
"Europe_Eastern_south","Poland",6,0.8,"SE Europe","NE Europe"
"Europe_Eastern_south","United Kingdom",4,0.533333333333333,"SE Europe","NW Europe"
"Europe_Eastern_south","United States of America",7,0.933333333333333,"SE Europe","United States"
"Finland","Bulgaria",2,0.266666666666667,"NW Europe","SE Europe"
"Finland","Canada",46,6.13333333333333,"NW Europe","Canada"
"Finland","Chile",3,0.4,"NW Europe","Andes"
"Finland","China",2,0.266666666666667,"NW Europe","East Asia"
"Finland","Germany",1,0.133333333333333,"NW Europe","NW Europe"
"Finland","India",3,0.4,"NW Europe","South Asia"
"Finland","Japan",1,0.133333333333333,"NW Europe","East Asia"
"Finland","New Zealand",1,0.133333333333333,"NW Europe","Australia New Zealand"
"Finland","Sweden",3,0.4,"NW Europe","NW Europe"
"Finland","United States of America",9,1.2,"NW Europe","United States"
"France","Argentina",1,0.133333333333333,"NW Europe","Temp. S. America"
"France","Bulgaria",7,0.933333333333333,"NW Europe","SE Europe"
"France","Canada",257,34.2666666666667,"NW Europe","Canada"
"France","Chile",6,0.8,"NW Europe","Andes"
"France","China",31,4.13333333333333,"NW Europe","East Asia"
"France","Egypt",5,0.666666666666667,"NW Europe","SE Mediterranean"
"France","France",17,2.26666666666667,"NW Europe","NW Europe"
"France","Germany",23,3.06666666666667,"NW Europe","NW Europe"
"France","Iran (Islamic Republic of)",1,0.133333333333333,"NW Europe","West Asia"
"France","Japan",5,0.666666666666667,"NW Europe","East Asia"
"France","Norway",5,0.666666666666667,"NW Europe","NW Europe"
"France","Pakistan",4,0.533333333333333,"NW Europe","West Asia"
"France","Poland",7,0.933333333333333,"NW Europe","NE Europe"
"France","Russian Federation",2,0.266666666666667,"NW Europe","NE Europe"
"France","Switzerland",5,0.666666666666667,"NW Europe","NW Europe"
"France","Tunisia",1,0.133333333333333,"NW Europe","SE Mediterranean"
"France","Turkey",2,0.266666666666667,"NW Europe","West Asia"
"France","United Kingdom",6,0.8,"NW Europe","NW Europe"
"France","United States of America",2,0.266666666666667,"NW Europe","United States"
"Georgia","Austria",1,0.133333333333333,"Central Asia","NW Europe"
"Georgia","Bulgaria",2,0.266666666666667,"Central Asia","SE Europe"
"Georgia","Canada",56,7.46666666666667,"Central Asia","Canada"
"Georgia","China",1,0.133333333333333,"Central Asia","East Asia"
"Georgia","Egypt",1,0.133333333333333,"Central Asia","SE Mediterranean"
"Georgia","Germany",2,0.266666666666667,"Central Asia","NW Europe"
"Georgia","Poland",3,0.4,"Central Asia","NE Europe"
"Georgia","United Kingdom",8,1.06666666666667,"Central Asia","NW Europe"
"Georgia","United States of America",5,0.666666666666667,"Central Asia","United States"
"Germany","Argentina",1,0.133333333333333,"NW Europe","Temp. S. America"
"Germany","Australia",6,0.8,"NW Europe","Australia New Zealand"
"Germany","Bulgaria",7,0.933333333333333,"NW Europe","SE Europe"
"Germany","Canada",882,117.6,"NW Europe","Canada"
"Germany","Chile",10,1.33333333333333,"NW Europe","Andes"
"Germany","China",42,5.6,"NW Europe","East Asia"
"Germany","China, Taiwan Province of",3,0.4,"NW Europe","East Asia"
"Germany","Croatia",1,0.133333333333333,"NW Europe","SE Europe"
"Germany","Czech Republic",1,0.133333333333333,"NW Europe","NE Europe"
"Germany","Denmark",1,0.133333333333333,"NW Europe","NW Europe"
"Germany","Egypt",1,0.133333333333333,"NW Europe","SE Mediterranean"
"Germany","Estonia",1,0.133333333333333,"NW Europe","NE Europe"
"Germany","Finland",1,0.133333333333333,"NW Europe","NW Europe"
"Germany","France",17,2.26666666666667,"NW Europe","NW Europe"
"Germany","Germany",26,3.46666666666667,"NW Europe","NW Europe"
"Germany","Iceland",2,0.266666666666667,"NW Europe","NW Europe"
"Germany","India",6,0.8,"NW Europe","South Asia"
"Germany","Iran (Islamic Republic of)",1,0.133333333333333,"NW Europe","West Asia"
"Germany","Italy",17,2.26666666666667,"NW Europe","SW Europe"
"Germany","Japan",5,0.666666666666667,"NW Europe","East Asia"
"Germany","Mongolia",1,0.133333333333333,"NW Europe","East Asia"
"Germany","Netherlands",1,0.133333333333333,"NW Europe","NW Europe"
"Germany","Norway",1,0.133333333333333,"NW Europe","NW Europe"
"Germany","Pakistan",7,0.933333333333333,"NW Europe","West Asia"
"Germany","Poland",6,0.8,"NW Europe","NE Europe"
"Germany","Republic of Korea",1,0.133333333333333,"NW Europe","East Asia"
"Germany","Turkey",5,0.666666666666667,"NW Europe","West Asia"
"Germany","Ukraine",1,0.133333333333333,"NW Europe","NE Europe"
"Germany","United Kingdom",5,0.666666666666667,"NW Europe","NW Europe"
"Germany","United States of America",8,1.06666666666667,"NW Europe","United States"
"Ghana","Canada",1,0.133333333333333,"West Africa","Canada"
"Ghana","China, Taiwan Province of",3,0.4,"West Africa","East Asia"
"Gibraltar","Poland",9,1.2,"SW Europe","NE Europe"
"Greece","Canada",106,14.1333333333333,"SE Europe","Canada"
"Greece","Chile",3,0.4,"SE Europe","Andes"
"Greece","China",7,0.933333333333333,"SE Europe","East Asia"
"Greece","Germany",1,0.133333333333333,"SE Europe","NW Europe"
"Greece","India",1,0.133333333333333,"SE Europe","South Asia"
"Greece","Iran (Islamic Republic of)",1,0.133333333333333,"SE Europe","West Asia"
"Greece","Pakistan",1,0.133333333333333,"SE Europe","West Asia"
"Greece","Poland",20,2.66666666666667,"SE Europe","NE Europe"
"Greece","Russian Federation",1,0.133333333333333,"SE Europe","NE Europe"
"Greece","United Kingdom",9,1.2,"SE Europe","NW Europe"
"Greece","United States of America",3,0.4,"SE Europe","United States"
"Guatemala","Canada",4,0.533333333333333,"Central America","Canada"
"Guinea","China, Taiwan Province of",5,0.666666666666667,"West Africa","East Asia"
"Hungary","Bulgaria",1,0.133333333333333,"NE Europe","SE Europe"
"Hungary","Canada",96,12.8,"NE Europe","Canada"
"Hungary","Chile",2,0.266666666666667,"NE Europe","Andes"
"Hungary","China",8,1.06666666666667,"NE Europe","East Asia"
"Hungary","Egypt",3,0.4,"NE Europe","SE Mediterranean"
"Hungary","France",3,0.4,"NE Europe","NW Europe"
"Hungary","Germany",7,0.933333333333333,"NE Europe","NW Europe"
"Hungary","India",1,0.133333333333333,"NE Europe","South Asia"
"Hungary","Iran (Islamic Republic of)",1,0.133333333333333,"NE Europe","West Asia"
"Hungary","Norway",1,0.133333333333333,"NE Europe","NW Europe"
"Hungary","United Kingdom",6,0.8,"NE Europe","NW Europe"
"India","Argentina",1,0.133333333333333,"South Asia","Temp. S. America"
"India","Canada",544,72.5333333333333,"South Asia","Canada"
"India","Chile",4,0.533333333333333,"South Asia","Andes"
"India","China",16,2.13333333333333,"South Asia","East Asia"
"India","Egypt",1,0.133333333333333,"South Asia","SE Mediterranean"
"India","France",6,0.8,"South Asia","NW Europe"
"India","India",13,1.73333333333333,"South Asia","South Asia"
"India","Iran (Islamic Republic of)",1,0.133333333333333,"South Asia","West Asia"
"India","Japan",1,0.133333333333333,"South Asia","East Asia"
"India","Netherlands",1,0.133333333333333,"South Asia","NW Europe"
"India","Norway",2,0.266666666666667,"South Asia","NW Europe"
"India","Pakistan",5,0.666666666666667,"South Asia","West Asia"
"India","Poland",5,0.666666666666667,"South Asia","NE Europe"
"India","Republic of Korea",2,0.266666666666667,"South Asia","East Asia"
"India","Sudan (former)",2,0.266666666666667,"South Asia","East Africa"
"India","Turkey",3,0.4,"South Asia","West Asia"
"India","United Kingdom",1,0.133333333333333,"South Asia","NW Europe"
"India","United States of America",1,0.133333333333333,"South Asia","United States"
"Indonesia","Canada",2,0.266666666666667,"Southeast Asia","Canada"
"Indonesia","Chile",1,0.133333333333333,"Southeast Asia","Andes"
"Iran (Islamic Republic of)","Belarus",1,0.133333333333333,"West Asia","NE Europe"
"Iran (Islamic Republic of)","Canada",367,48.9333333333333,"West Asia","Canada"
"Iran (Islamic Republic of)","China",26,3.46666666666667,"West Asia","East Asia"
"Iran (Islamic Republic of)","Egypt",1,0.133333333333333,"West Asia","SE Mediterranean"
"Iran (Islamic Republic of)","France",2,0.266666666666667,"West Asia","NW Europe"
"Iran (Islamic Republic of)","Germany",10,1.33333333333333,"West Asia","NW Europe"
"Iran (Islamic Republic of)","Iran (Islamic Republic of)",28,3.73333333333333,"West Asia","West Asia"
"Iran (Islamic Republic of)","New Zealand",4,0.533333333333333,"West Asia","Australia New Zealand"
"Iran (Islamic Republic of)","Pakistan",1,0.133333333333333,"West Asia","West Asia"
"Iran (Islamic Republic of)","Poland",23,3.06666666666667,"West Asia","NE Europe"
"Iran (Islamic Republic of)","Russian Federation",3,0.4,"West Asia","NE Europe"
"Iran (Islamic Republic of)","Ukraine",5,0.666666666666667,"West Asia","NE Europe"
"Iran (Islamic Republic of)","United Kingdom",26,3.46666666666667,"West Asia","NW Europe"
"Iran (Islamic Republic of)","United States of America",13,1.73333333333333,"West Asia","United States"
"Iraq","Belarus",1,0.133333333333333,"West Asia","NE Europe"
"Iraq","Canada",110,14.6666666666667,"West Asia","Canada"
"Iraq","China",4,0.533333333333333,"West Asia","East Asia"
"Iraq","Denmark",1,0.133333333333333,"West Asia","NW Europe"
"Iraq","Iran (Islamic Republic of)",1,0.133333333333333,"West Asia","West Asia"
"Iraq","Poland",18,2.4,"West Asia","NE Europe"
"Iraq","Russian Federation",5,0.666666666666667,"West Asia","NE Europe"
"Iraq","Ukraine",3,0.4,"West Asia","NE Europe"
"Iraq","United States of America",1,0.133333333333333,"West Asia","United States"
"Ireland","Canada",11,1.46666666666667,"NW Europe","Canada"
"Ireland","China",1,0.133333333333333,"NW Europe","East Asia"
"Ireland","Germany",1,0.133333333333333,"NW Europe","NW Europe"
"Israel","Belarus",1,0.133333333333333,"West Asia","NE Europe"
"Israel","Canada",59,7.86666666666667,"West Asia","Canada"
"Israel","China",8,1.06666666666667,"West Asia","East Asia"
"Israel","China, Taiwan Province of",1,0.133333333333333,"West Asia","East Asia"
"Israel","Denmark",5,0.666666666666667,"West Asia","NW Europe"
"Israel","Germany",4,0.533333333333333,"West Asia","NW Europe"
"Israel","Iran (Islamic Republic of)",1,0.133333333333333,"West Asia","West Asia"
"Israel","Jordan",6,0.8,"West Asia","West Asia"
"Israel","Poland",10,1.33333333333333,"West Asia","NE Europe"
"Israel","Republic of Korea",1,0.133333333333333,"West Asia","East Asia"
"Israel","Ukraine",4,0.533333333333333,"West Asia","NE Europe"
"Israel","United Kingdom",4,0.533333333333333,"West Asia","NW Europe"
"Israel","United States of America",2,0.266666666666667,"West Asia","United States"
"Italy","Belarus",1,0.133333333333333,"SW Europe","NE Europe"
"Italy","Canada",153,20.4,"SW Europe","Canada"
"Italy","Chile",4,0.533333333333333,"SW Europe","Andes"
"Italy","China",4,0.533333333333333,"SW Europe","East Asia"
"Italy","France",3,0.4,"SW Europe","NW Europe"
"Italy","Germany",4,0.533333333333333,"SW Europe","NW Europe"
"Italy","Iran (Islamic Republic of)",1,0.133333333333333,"SW Europe","West Asia"
"Italy","Japan",1,0.133333333333333,"SW Europe","East Asia"
"Italy","Pakistan",1,0.133333333333333,"SW Europe","West Asia"
"Italy","Poland",14,1.86666666666667,"SW Europe","NE Europe"
"Italy","Republic of Korea",1,0.133333333333333,"SW Europe","East Asia"
"Italy","United Kingdom",4,0.533333333333333,"SW Europe","NW Europe"
"Italy","United States of America",4,0.533333333333333,"SW Europe","United States"
"Japan","Bulgaria",1,0.133333333333333,"East Asia","SE Europe"
"Japan","Canada",177,23.6,"East Asia","Canada"
"Japan","Chile",7,0.933333333333333,"East Asia","Andes"
"Japan","China",1,0.133333333333333,"East Asia","East Asia"
"Japan","China, Taiwan Province of",10,1.33333333333333,"East Asia","East Asia"
"Japan","Germany",5,0.666666666666667,"East Asia","NW Europe"
"Japan","Pakistan",1,0.133333333333333,"East Asia","West Asia"
"Japan","Poland",3,0.4,"East Asia","NE Europe"
"Japan","Romania",3,0.4,"East Asia","NE Europe"
"Jordan","Canada",23,3.06666666666667,"West Asia","Canada"
"Jordan","Denmark",7,0.933333333333333,"West Asia","NW Europe"
"Jordan","Iran (Islamic Republic of)",1,0.133333333333333,"West Asia","West Asia"
"Jordan","Jordan",4,0.533333333333333,"West Asia","West Asia"
"Jordan","Poland",8,1.06666666666667,"West Asia","NE Europe"
"Jordan","Russian Federation",1,0.133333333333333,"West Asia","NE Europe"
"Jordan","United Kingdom",2,0.266666666666667,"West Asia","NW Europe"
"Jordan","United States of America",5,0.666666666666667,"West Asia","United States"
"Kazakhstan","Canada",16,2.13333333333333,"Central Asia","Canada"
"Kazakhstan","Egypt",3,0.4,"Central Asia","SE Mediterranean"
"Kazakhstan","Germany",4,0.533333333333333,"Central Asia","NW Europe"
"Kazakhstan","Iran (Islamic Republic of)",1,0.133333333333333,"Central Asia","West Asia"
"Kazakhstan","Netherlands",1,0.133333333333333,"Central Asia","NW Europe"
"Kazakhstan","Republic of Korea",1,0.133333333333333,"Central Asia","East Asia"
"Kazakhstan","Romania",3,0.4,"Central Asia","NE Europe"
"Kazakhstan","Russian Federation",1,0.133333333333333,"Central Asia","NE Europe"
"Kazakhstan","United Kingdom",1,0.133333333333333,"Central Asia","NW Europe"
"Kenya","Canada",183,24.4,"East Africa","Canada"
"Kenya","Chile",2,0.266666666666667,"East Africa","Andes"
"Kenya","China",1,0.133333333333333,"East Africa","East Asia"
"Kenya","China, Taiwan Province of",1,0.133333333333333,"East Africa","East Asia"
"Kenya","France",1,0.133333333333333,"East Africa","NW Europe"
"Kenya","Poland",6,0.8,"East Africa","NE Europe"
"Kenya","Zambia",1,0.133333333333333,"East Africa","Southern Africa"
"Kyrgyzstan","Canada",6,0.8,"Central Asia","Canada"
"Kyrgyzstan","Romania",1,0.133333333333333,"Central Asia","NE Europe"
"Latvia","Bulgaria",1,0.133333333333333,"NE Europe","SE Europe"
"Latvia","Canada",10,1.33333333333333,"NE Europe","Canada"
"Latvia","France",2,0.266666666666667,"NE Europe","NW Europe"
"Latvia","Germany",1,0.133333333333333,"NE Europe","NW Europe"
"Lebanon","Canada",17,2.26666666666667,"West Asia","Canada"
"Lebanon","Denmark",5,0.666666666666667,"West Asia","NW Europe"
"Lebanon","Iran (Islamic Republic of)",1,0.133333333333333,"West Asia","West Asia"
"Lebanon","Poland",14,1.86666666666667,"West Asia","NE Europe"
"Libya","Canada",8,1.06666666666667,"SE Mediterranean","Canada"
"Libya","China",3,0.4,"SE Mediterranean","East Asia"
"Libya","Germany",1,0.133333333333333,"SE Mediterranean","NW Europe"
"Libya","Poland",18,2.4,"SE Mediterranean","NE Europe"
"Lithuania","Bulgaria",1,0.133333333333333,"NE Europe","SE Europe"
"Lithuania","Canada",6,0.8,"NE Europe","Canada"
"Lithuania","China",4,0.533333333333333,"NE Europe","East Asia"
"Lithuania","Germany",1,0.133333333333333,"NE Europe","NW Europe"
"Lithuania","Netherlands",1,0.133333333333333,"NE Europe","NW Europe"
"Lithuania","Republic of Korea",1,0.133333333333333,"NE Europe","East Asia"
"Lithuania","United Kingdom",1,0.133333333333333,"NE Europe","NW Europe"
"Malawi","India",22,2.93333333333333,"Southern Africa","South Asia"
"Malta","Chile",1,0.133333333333333,"SE Mediterranean","Andes"
"Malta","United Kingdom",1,0.133333333333333,"SE Mediterranean","NW Europe"
"Mexico","Belarus",4,0.533333333333333,"Central America","NE Europe"
"Mexico","Canada",290,38.6666666666667,"Central America","Canada"
"Mexico","China, Taiwan Province of",3,0.4,"Central America","East Asia"
"Mexico","Germany",6,0.8,"Central America","NW Europe"
"Mexico","India",8,1.06666666666667,"Central America","South Asia"
"Mexico","Iran (Islamic Republic of)",1,0.133333333333333,"Central America","West Asia"
"Mexico","Ukraine",1,0.133333333333333,"Central America","NE Europe"
"Mongolia","Canada",23,3.06666666666667,"East Asia","Canada"
"Mongolia","Germany",10,1.33333333333333,"East Asia","NW Europe"
"Mongolia","United Kingdom",4,0.533333333333333,"East Asia","NW Europe"
"Montenegro","Canada",2,0.266666666666667,"SE Europe","Canada"
"Montenegro","United States of America",2,0.266666666666667,"SE Europe","United States"
"Morocco","Argentina",1,0.133333333333333,"SE Mediterranean","Temp. S. America"
"Morocco","Belarus",2,0.266666666666667,"SE Mediterranean","NE Europe"
"Morocco","Canada",91,12.1333333333333,"SE Mediterranean","Canada"
"Morocco","China",39,5.2,"SE Mediterranean","East Asia"
"Morocco","France",1,0.133333333333333,"SE Mediterranean","NW Europe"
"Morocco","Germany",3,0.4,"SE Mediterranean","NW Europe"
"Morocco","Iran (Islamic Republic of)",1,0.133333333333333,"SE Mediterranean","West Asia"
"Morocco","Israel",33,4.4,"SE Mediterranean","West Asia"
"Morocco","Pakistan",1,0.133333333333333,"SE Mediterranean","West Asia"
"Morocco","Poland",70,9.33333333333333,"SE Mediterranean","NE Europe"
"Morocco","Republic of Korea",1,0.133333333333333,"SE Mediterranean","East Asia"
"Morocco","Russian Federation",10,1.33333333333333,"SE Mediterranean","NE Europe"
"Morocco","Ukraine",8,1.06666666666667,"SE Mediterranean","NE Europe"
"Morocco","United Kingdom",12,1.6,"SE Mediterranean","NW Europe"
"Morocco","United States of America",14,1.86666666666667,"SE Mediterranean","United States"
"Mozambique","Canada",4,0.533333333333333,"Southern Africa","Canada"
"Mozambique","Zambia",2,0.266666666666667,"Southern Africa","Southern Africa"
"Nepal","Canada",226,30.1333333333333,"South Asia","Canada"
"Nepal","Iceland",2,0.266666666666667,"South Asia","NW Europe"
"Nepal","India",2,0.266666666666667,"South Asia","South Asia"
"Nepal","Poland",1,0.133333333333333,"South Asia","NE Europe"
"Netherlands","Argentina",1,0.133333333333333,"NW Europe","Temp. S. America"
"Netherlands","Bulgaria",3,0.4,"NW Europe","SE Europe"
"Netherlands","Canada",108,14.4,"NW Europe","Canada"
"Netherlands","Chile",5,0.666666666666667,"NW Europe","Andes"
"Netherlands","China",19,2.53333333333333,"NW Europe","East Asia"
"Netherlands","Egypt",11,1.46666666666667,"NW Europe","SE Mediterranean"
"Netherlands","France",3,0.4,"NW Europe","NW Europe"
"Netherlands","Germany",9,1.2,"NW Europe","NW Europe"
"Netherlands","India",2,0.266666666666667,"NW Europe","South Asia"
"Netherlands","Iran (Islamic Republic of)",1,0.133333333333333,"NW Europe","West Asia"
"Netherlands","Italy",8,1.06666666666667,"NW Europe","SW Europe"
"Netherlands","New Zealand",1,0.133333333333333,"NW Europe","Australia New Zealand"
"Netherlands","Norway",2,0.266666666666667,"NW Europe","NW Europe"
"Netherlands","Pakistan",1,0.133333333333333,"NW Europe","West Asia"
"Netherlands","Turkey",2,0.266666666666667,"NW Europe","West Asia"
"Netherlands","United Kingdom",2,0.266666666666667,"NW Europe","NW Europe"
"Netherlands","United States of America",3,0.4,"NW Europe","United States"
"New Zealand","Bulgaria",1,0.133333333333333,"Australia New Zealand","SE Europe"
"New Zealand","Canada",23,3.06666666666667,"Australia New Zealand","Canada"
"New Zealand","Chile",3,0.4,"Australia New Zealand","Andes"
"New Zealand","China",3,0.4,"Australia New Zealand","East Asia"
"New Zealand","France",2,0.266666666666667,"Australia New Zealand","NW Europe"
"New Zealand","Germany",1,0.133333333333333,"Australia New Zealand","NW Europe"
"New Zealand","Japan",1,0.133333333333333,"Australia New Zealand","East Asia"
"Nicaragua","Canada",1,0.133333333333333,"Central America","Canada"
"Nicaragua","Chile",1,0.133333333333333,"Central America","Andes"
"Niger","Romania",2,0.266666666666667,"West Africa","NE Europe"
"Nigeria","China, Taiwan Province of",2,0.266666666666667,"West Africa","East Asia"
"Norway","Canada",4,0.533333333333333,"NW Europe","Canada"
"Norway","Iceland",2,0.266666666666667,"NW Europe","NW Europe"
"Norway","Italy",2,0.266666666666667,"NW Europe","SW Europe"
"Norway","Republic of Korea",1,0.133333333333333,"NW Europe","East Asia"
"Norway","Sweden",1,0.133333333333333,"NW Europe","NW Europe"
"Norway","United States of America",2,0.266666666666667,"NW Europe","United States"
"Occupied Palestinian Territory","Canada",4,0.533333333333333,"West Asia","Canada"
"Oman","Canada",3,0.4,"West Asia","Canada"
"Oman","United States of America",1,0.133333333333333,"West Asia","United States"
"Pakistan","Argentina",3,0.4,"West Asia","Temp. S. America"
"Pakistan","Canada",742,98.9333333333333,"West Asia","Canada"
"Pakistan","Chile",2,0.266666666666667,"West Asia","Andes"
"Pakistan","China",9,1.2,"West Asia","East Asia"
"Pakistan","France",10,1.33333333333333,"West Asia","NW Europe"
"Pakistan","India",48,6.4,"West Asia","South Asia"
"Pakistan","Morocco",129,17.2,"West Asia","SE Mediterranean"
"Pakistan","Pakistan",2,0.266666666666667,"West Asia","West Asia"
"Pakistan","Poland",6,0.8,"West Asia","NE Europe"
"Pakistan","Turkey",3,0.4,"West Asia","West Asia"
"Pakistan","United States of America",1,0.133333333333333,"West Asia","United States"
"Peru","Canada",79,10.5333333333333,"Andes","Canada"
"Peru","China",1,0.133333333333333,"Andes","East Asia"
"Peru","China, Taiwan Province of",2,0.266666666666667,"Andes","East Asia"
"Peru","Germany",2,0.266666666666667,"Andes","NW Europe"
"Peru","Jordan",1,0.133333333333333,"Andes","West Asia"
"Peru","Russian Federation",1,0.133333333333333,"Andes","NE Europe"
"Philippines","Canada",8,1.06666666666667,"Southeast Asia","Canada"
"Philippines","China, Taiwan Province of",1,0.133333333333333,"Southeast Asia","East Asia"
"Philippines","Egypt",1,0.133333333333333,"Southeast Asia","SE Mediterranean"
"Poland","Australia",2,0.266666666666667,"NE Europe","Australia New Zealand"
"Poland","Bulgaria",2,0.266666666666667,"NE Europe","SE Europe"
"Poland","Canada",227,30.2666666666667,"NE Europe","Canada"
"Poland","Chile",4,0.533333333333333,"NE Europe","Andes"
"Poland","China",14,1.86666666666667,"NE Europe","East Asia"
"Poland","China, Taiwan Province of",1,0.133333333333333,"NE Europe","East Asia"
"Poland","Croatia",2,0.266666666666667,"NE Europe","SE Europe"
"Poland","Egypt",1,0.133333333333333,"NE Europe","SE Mediterranean"
"Poland","France",5,0.666666666666667,"NE Europe","NW Europe"
"Poland","Germany",10,1.33333333333333,"NE Europe","NW Europe"
"Poland","India",2,0.266666666666667,"NE Europe","South Asia"
"Poland","Japan",1,0.133333333333333,"NE Europe","East Asia"
"Poland","Netherlands",1,0.133333333333333,"NE Europe","NW Europe"
"Poland","Norway",1,0.133333333333333,"NE Europe","NW Europe"
"Poland","Pakistan",2,0.266666666666667,"NE Europe","West Asia"
"Poland","Philippines",1,0.133333333333333,"NE Europe","Southeast Asia"
"Poland","Poland",1,0.133333333333333,"NE Europe","NE Europe"
"Poland","Republic of Korea",1,0.133333333333333,"NE Europe","East Asia"
"Poland","United Kingdom",3,0.4,"NE Europe","NW Europe"
"Poland","United States of America",1,0.133333333333333,"NE Europe","United States"
"Portugal","Belarus",2,0.266666666666667,"SW Europe","NE Europe"
"Portugal","Canada",69,9.2,"SW Europe","Canada"
"Portugal","China",22,2.93333333333333,"SW Europe","East Asia"
"Portugal","Germany",24,3.2,"SW Europe","NW Europe"
"Portugal","Iceland",1,0.133333333333333,"SW Europe","NW Europe"
"Portugal","India",1,0.133333333333333,"SW Europe","South Asia"
"Portugal","Iran (Islamic Republic of)",1,0.133333333333333,"SW Europe","West Asia"
"Portugal","Poland",14,1.86666666666667,"SW Europe","NE Europe"
"Portugal","Republic of Korea",1,0.133333333333333,"SW Europe","East Asia"
"Portugal","Ukraine",2,0.266666666666667,"SW Europe","NE Europe"
"Portugal","United Kingdom",11,1.46666666666667,"SW Europe","NW Europe"
"Portugal","United States of America",4,0.533333333333333,"SW Europe","United States"
"Puerto Rico","Canada",1,0.133333333333333,"Caribbean","Canada"
"Republic of Korea","Canada",209,27.8666666666667,"East Asia","Canada"
"Republic of Korea","Chile",1,0.133333333333333,"East Asia","Andes"
"Republic of Korea","China, Taiwan Province of",6,0.8,"East Asia","East Asia"
"Republic of Korea","France",1,0.133333333333333,"East Asia","NW Europe"
"Republic of Korea","Germany",2,0.266666666666667,"East Asia","NW Europe"
"Republic of Korea","Pakistan",3,0.4,"East Asia","West Asia"
"Republic of Moldova","Canada",15,2,"NE Europe","Canada"
"Republic of Moldova","Egypt",5,0.666666666666667,"NE Europe","SE Mediterranean"
"Republic of Moldova","Germany",1,0.133333333333333,"NE Europe","NW Europe"
"Republic of Moldova","United Kingdom",1,0.133333333333333,"NE Europe","NW Europe"
"Republic of Moldova","United States of America",2,0.266666666666667,"NE Europe","United States"
"Romania","Canada",46,6.13333333333333,"NE Europe","Canada"
"Romania","Chile",1,0.133333333333333,"NE Europe","Andes"
"Romania","China",9,1.2,"NE Europe","East Asia"
"Romania","France",4,0.533333333333333,"NE Europe","NW Europe"
"Romania","Germany",10,1.33333333333333,"NE Europe","NW Europe"
"Romania","Iran (Islamic Republic of)",1,0.133333333333333,"NE Europe","West Asia"
"Romania","Netherlands",1,0.133333333333333,"NE Europe","NW Europe"
"Romania","Norway",1,0.133333333333333,"NE Europe","NW Europe"
"Romania","Pakistan",3,0.4,"NE Europe","West Asia"
"Romania","Republic of Korea",2,0.266666666666667,"NE Europe","East Asia"
"Romania","Turkey",1,0.133333333333333,"NE Europe","West Asia"
"Romania","United Kingdom",4,0.533333333333333,"NE Europe","NW Europe"
"Russian Federation","Argentina",4,0.533333333333333,"NE Europe","Temp. S. America"
"Russian Federation","Australia",10,1.33333333333333,"NE Europe","Australia New Zealand"
"Russian Federation","Bulgaria",10,1.33333333333333,"NE Europe","SE Europe"
"Russian Federation","Canada",1639,218.533333333333,"NE Europe","Canada"
"Russian Federation","Chile",16,2.13333333333333,"NE Europe","Andes"
"Russian Federation","China",99,13.2,"NE Europe","East Asia"
"Russian Federation","China, Taiwan Province of",2,0.266666666666667,"NE Europe","East Asia"
"Russian Federation","Egypt",7,0.933333333333333,"NE Europe","SE Mediterranean"
"Russian Federation","Estonia",5,0.666666666666667,"NE Europe","NE Europe"
"Russian Federation","France",19,2.53333333333333,"NE Europe","NW Europe"
"Russian Federation","Germany",39,5.2,"NE Europe","NW Europe"
"Russian Federation","Iceland",13,1.73333333333333,"NE Europe","NW Europe"
"Russian Federation","India",3,0.4,"NE Europe","South Asia"
"Russian Federation","Iran (Islamic Republic of)",1,0.133333333333333,"NE Europe","West Asia"
"Russian Federation","Italy",1,0.133333333333333,"NE Europe","SW Europe"
"Russian Federation","Morocco",2,0.266666666666667,"NE Europe","SE Mediterranean"
"Russian Federation","Netherlands",7,0.933333333333333,"NE Europe","NW Europe"
"Russian Federation","New Zealand",1,0.133333333333333,"NE Europe","Australia New Zealand"
"Russian Federation","Norway",4,0.533333333333333,"NE Europe","NW Europe"
"Russian Federation","Poland",3,0.4,"NE Europe","NE Europe"
"Russian Federation","Republic of Korea",8,1.06666666666667,"NE Europe","East Asia"
"Russian Federation","Romania",8,1.06666666666667,"NE Europe","NE Europe"
"Russian Federation","Russian Federation",63,8.4,"NE Europe","NE Europe"
"Russian Federation","Sudan (former)",1,0.133333333333333,"NE Europe","East Africa"
"Russian Federation","Tunisia",1,0.133333333333333,"NE Europe","SE Mediterranean"
"Russian Federation","Turkey",3,0.4,"NE Europe","West Asia"
"Russian Federation","United Kingdom",64,8.53333333333333,"NE Europe","NW Europe"
"Russian Federation","United States of America",9,1.2,"NE Europe","United States"
"Saudi Arabia","Iran (Islamic Republic of)",1,0.133333333333333,"West Asia","West Asia"
"Saudi Arabia","United Kingdom",1,0.133333333333333,"West Asia","NW Europe"
"Serbia","Canada",12,1.6,"SE Europe","Canada"
"Serbia","Germany",2,0.266666666666667,"SE Europe","NW Europe"
"Serbia","United Kingdom",1,0.133333333333333,"SE Europe","NW Europe"
"Slovakia","Canada",3,0.4,"NE Europe","Canada"
"Slovenia","Canada",6,0.8,"SE Europe","Canada"
"South Africa","Canada",83,11.0666666666667,"Southern Africa","Canada"
"South Africa","China, Taiwan Province of",3,0.4,"Southern Africa","East Asia"
"South Africa","France",1,0.133333333333333,"Southern Africa","NW Europe"
"South Africa","Germany",5,0.666666666666667,"Southern Africa","NW Europe"
"South Africa","Iran (Islamic Republic of)",1,0.133333333333333,"Southern Africa","West Asia"
"South Africa","Pakistan",2,0.266666666666667,"Southern Africa","West Asia"
"South Africa","United States of America",1,0.133333333333333,"Southern Africa","United States"
"South Africa","Zambia",29,3.86666666666667,"Southern Africa","Southern Africa"
"Spain","Belarus",2,0.266666666666667,"SW Europe","NE Europe"
"Spain","Canada",103,13.7333333333333,"SW Europe","Canada"
"Spain","Chile",6,0.8,"SW Europe","Andes"
"Spain","China",19,2.53333333333333,"SW Europe","East Asia"
"Spain","France",11,1.46666666666667,"SW Europe","NW Europe"
"Spain","Germany",17,2.26666666666667,"SW Europe","NW Europe"
"Spain","India",2,0.266666666666667,"SW Europe","South Asia"
"Spain","Iran (Islamic Republic of)",1,0.133333333333333,"SW Europe","West Asia"
"Spain","Israel",1,0.133333333333333,"SW Europe","West Asia"
"Spain","Jordan",2,0.266666666666667,"SW Europe","West Asia"
"Spain","Poland",30,4,"SW Europe","NE Europe"
"Spain","Republic of Korea",1,0.133333333333333,"SW Europe","East Asia"
"Spain","Ukraine",7,0.933333333333333,"SW Europe","NE Europe"
"Spain","United Kingdom",9,1.2,"SW Europe","NW Europe"
"Spain","United States of America",10,1.33333333333333,"SW Europe","United States"
"Sudan (former)","China, Taiwan Province of",12,1.6,"East Africa","East Asia"
"Sudan (former)","India",57,7.6,"East Africa","South Asia"
"Sweden","Bulgaria",5,0.666666666666667,"NW Europe","SE Europe"
"Sweden","Canada",285,38,"NW Europe","Canada"
"Sweden","Chile",7,0.933333333333333,"NW Europe","Andes"
"Sweden","China",4,0.533333333333333,"NW Europe","East Asia"
"Sweden","Estonia",2,0.266666666666667,"NW Europe","NE Europe"
"Sweden","Finland",1,0.133333333333333,"NW Europe","NW Europe"
"Sweden","France",3,0.4,"NW Europe","NW Europe"
"Sweden","Germany",10,1.33333333333333,"NW Europe","NW Europe"
"Sweden","India",3,0.4,"NW Europe","South Asia"
"Sweden","Iran (Islamic Republic of)",1,0.133333333333333,"NW Europe","West Asia"
"Sweden","Italy",2,0.266666666666667,"NW Europe","SW Europe"
"Sweden","Japan",3,0.4,"NW Europe","East Asia"
"Sweden","Poland",2,0.266666666666667,"NW Europe","NE Europe"
"Sweden","Sweden",4,0.533333333333333,"NW Europe","NW Europe"
"Sweden","United Kingdom",1,0.133333333333333,"NW Europe","NW Europe"
"Sweden","United States of America",2,0.266666666666667,"NW Europe","United States"
"Switzerland","Canada",64,8.53333333333333,"NW Europe","Canada"
"Switzerland","Estonia",2,0.266666666666667,"NW Europe","NE Europe"
"Switzerland","Germany",2,0.266666666666667,"NW Europe","NW Europe"
"Switzerland","Pakistan",1,0.133333333333333,"NW Europe","West Asia"
"Switzerland","Poland",1,0.133333333333333,"NW Europe","NE Europe"
"Syrian Arab Republic","Bulgaria",6,0.8,"West Asia","SE Europe"
"Syrian Arab Republic","Canada",66,8.8,"West Asia","Canada"
"Syrian Arab Republic","China",4,0.533333333333333,"West Asia","East Asia"
"Syrian Arab Republic","Denmark",50,6.66666666666667,"West Asia","NW Europe"
"Syrian Arab Republic","Iran (Islamic Republic of)",1,0.133333333333333,"West Asia","West Asia"
"Syrian Arab Republic","Israel",1,0.133333333333333,"West Asia","West Asia"
"Syrian Arab Republic","Jordan",7,0.933333333333333,"West Asia","West Asia"
"Syrian Arab Republic","Morocco",1,0.133333333333333,"West Asia","SE Mediterranean"
"Syrian Arab Republic","Poland",21,2.8,"West Asia","NE Europe"
"Syrian Arab Republic","Turkey",2,0.266666666666667,"West Asia","West Asia"
"Syrian Arab Republic","Ukraine",2,0.266666666666667,"West Asia","NE Europe"
"Syrian Arab Republic","United Kingdom",3,0.4,"West Asia","NW Europe"
"Syrian Arab Republic","United States of America",9,1.2,"West Asia","United States"
"Tajikistan","Canada",12,1.6,"Central Asia","Canada"
"Tajikistan","Germany",3,0.4,"Central Asia","NW Europe"
"Thailand","Canada",7,0.933333333333333,"Southeast Asia","Canada"
"The former Yugoslav Republic of Macedonia","Canada",17,2.26666666666667,"SE Europe","Canada"
"Tibet","Canada",1,0.133333333333333,"East Asia","Canada"
"Togo","China, Taiwan Province of",31,4.13333333333333,"West Africa","East Asia"
"Tunisia","Canada",51,6.8,"SE Mediterranean","Canada"
"Tunisia","China",6,0.8,"SE Mediterranean","East Asia"
"Tunisia","Estonia",1,0.133333333333333,"SE Mediterranean","NE Europe"
"Tunisia","Germany",2,0.266666666666667,"SE Mediterranean","NW Europe"
"Tunisia","Iran (Islamic Republic of)",1,0.133333333333333,"SE Mediterranean","West Asia"
"Tunisia","Poland",25,3.33333333333333,"SE Mediterranean","NE Europe"
"Tunisia","United Kingdom",3,0.4,"SE Mediterranean","NW Europe"
"Tunisia","United States of America",7,0.933333333333333,"SE Mediterranean","United States"
"Turkey","Argentina",2,0.266666666666667,"West Asia","Temp. S. America"
"Turkey","Belarus",3,0.4,"West Asia","NE Europe"
"Turkey","Canada",753,100.4,"West Asia","Canada"
"Turkey","Chile",34,4.53333333333333,"West Asia","Andes"
"Turkey","China",67,8.93333333333333,"West Asia","East Asia"
"Turkey","China, Taiwan Province of",1,0.133333333333333,"West Asia","East Asia"
"Turkey","Czech Republic",1,0.133333333333333,"West Asia","NE Europe"
"Turkey","Denmark",1,0.133333333333333,"West Asia","NW Europe"
"Turkey","Germany",13,1.73333333333333,"West Asia","NW Europe"
"Turkey","India",2,0.266666666666667,"West Asia","South Asia"
"Turkey","Iran (Islamic Republic of)",5,0.666666666666667,"West Asia","West Asia"
"Turkey","Israel",1,0.133333333333333,"West Asia","West Asia"
"Turkey","Jordan",2,0.266666666666667,"West Asia","West Asia"
"Turkey","Morocco",2,0.266666666666667,"West Asia","SE Mediterranean"
"Turkey","Netherlands",1,0.133333333333333,"West Asia","NW Europe"
"Turkey","New Zealand",1,0.133333333333333,"West Asia","Australia New Zealand"
"Turkey","Pakistan",1,0.133333333333333,"West Asia","West Asia"
"Turkey","Poland",36,4.8,"West Asia","NE Europe"
"Turkey","Republic of Korea",1,0.133333333333333,"West Asia","East Asia"
"Turkey","Russian Federation",8,1.06666666666667,"West Asia","NE Europe"
"Turkey","Turkey",111,14.8,"West Asia","West Asia"
"Turkey","Ukraine",7,0.933333333333333,"West Asia","NE Europe"
"Turkey","United Kingdom",27,3.6,"West Asia","NW Europe"
"Turkey","United States of America",65,8.66666666666667,"West Asia","United States"
"Turkmenistan","Canada",8,1.06666666666667,"Central Asia","Canada"
"Turkmenistan","Republic of Korea",1,0.133333333333333,"Central Asia","East Asia"
"Turkmenistan","United States of America",1,0.133333333333333,"Central Asia","United States"
"Ukraine","Argentina",1,0.133333333333333,"NE Europe","Temp. S. America"
"Ukraine","Australia",1,0.133333333333333,"NE Europe","Australia New Zealand"
"Ukraine","Bulgaria",4,0.533333333333333,"NE Europe","SE Europe"
"Ukraine","Canada",141,18.8,"NE Europe","Canada"
"Ukraine","Chile",1,0.133333333333333,"NE Europe","Andes"
"Ukraine","China",5,0.666666666666667,"NE Europe","East Asia"
"Ukraine","Egypt",3,0.4,"NE Europe","SE Mediterranean"
"Ukraine","Germany",5,0.666666666666667,"NE Europe","NW Europe"
"Ukraine","Iran (Islamic Republic of)",1,0.133333333333333,"NE Europe","West Asia"
"Ukraine","Morocco",3,0.4,"NE Europe","SE Mediterranean"
"Ukraine","Netherlands",1,0.133333333333333,"NE Europe","NW Europe"
"Ukraine","Pakistan",1,0.133333333333333,"NE Europe","West Asia"
"Ukraine","Poland",1,0.133333333333333,"NE Europe","NE Europe"
"Ukraine","United Kingdom",6,0.8,"NE Europe","NW Europe"
"Ukraine","United States of America",1,0.133333333333333,"NE Europe","United States"
"United Kingdom","Belarus",1,0.133333333333333,"NW Europe","NE Europe"
"United Kingdom","Bulgaria",1,0.133333333333333,"NW Europe","SE Europe"
"United Kingdom","Canada",165,22,"NW Europe","Canada"
"United Kingdom","China",15,2,"NW Europe","East Asia"
"United Kingdom","China, Taiwan Province of",2,0.266666666666667,"NW Europe","East Asia"
"United Kingdom","Egypt",3,0.4,"NW Europe","SE Mediterranean"
"United Kingdom","France",1,0.133333333333333,"NW Europe","NW Europe"
"United Kingdom","Germany",23,3.06666666666667,"NW Europe","NW Europe"
"United Kingdom","India",2,0.266666666666667,"NW Europe","South Asia"
"United Kingdom","Iran (Islamic Republic of)",1,0.133333333333333,"NW Europe","West Asia"
"United Kingdom","Japan",4,0.533333333333333,"NW Europe","East Asia"
"United Kingdom","Mongolia",1,0.133333333333333,"NW Europe","East Asia"
"United Kingdom","Netherlands",3,0.4,"NW Europe","NW Europe"
"United Kingdom","New Zealand",1,0.133333333333333,"NW Europe","Australia New Zealand"
"United Kingdom","Pakistan",1,0.133333333333333,"NW Europe","West Asia"
"United Kingdom","Poland",15,2,"NW Europe","NE Europe"
"United Kingdom","Republic of Korea",4,0.533333333333333,"NW Europe","East Asia"
"United Kingdom","Switzerland",2,0.266666666666667,"NW Europe","NW Europe"
"United Kingdom","Turkey",1,0.133333333333333,"NW Europe","West Asia"
"United Kingdom","Ukraine",1,0.133333333333333,"NW Europe","NE Europe"
"United Kingdom","United Kingdom",5,0.666666666666667,"NW Europe","NW Europe"
"United Kingdom","United States of America",13,1.73333333333333,"NW Europe","United States"
"United Republic of Tanzania","Canada",4,0.533333333333333,"Southern Africa","Canada"
"United States of America","Argentina",3,0.4,"United States","Temp. S. America"
"United States of America","Belarus",3,0.4,"United States","NE Europe"
"United States of America","Bulgaria",12,1.6,"United States","SE Europe"
"United States of America","Canada",1880,250.666666666667,"United States","Canada"
"United States of America","Chile",15,2,"United States","Andes"
"United States of America","China",86,11.4666666666667,"United States","East Asia"
"United States of America","China, Taiwan Province of",15,2,"United States","East Asia"
"United States of America","Croatia",3,0.4,"United States","SE Europe"
"United States of America","Czech Republic",2,0.266666666666667,"United States","NE Europe"
"United States of America","Egypt",63,8.4,"United States","SE Mediterranean"
"United States of America","Estonia",5,0.666666666666667,"United States","NE Europe"
"United States of America","France",53,7.06666666666667,"United States","NW Europe"
"United States of America","Germany",34,4.53333333333333,"United States","NW Europe"
"United States of America","Iceland",2,0.266666666666667,"United States","NW Europe"
"United States of America","India",17,2.26666666666667,"United States","South Asia"
"United States of America","Iran (Islamic Republic of)",3,0.4,"United States","West Asia"
"United States of America","Italy",3,0.4,"United States","SW Europe"
"United States of America","Jordan",2,0.266666666666667,"United States","West Asia"
"United States of America","Morocco",5,0.666666666666667,"United States","SE Mediterranean"
"United States of America","New Zealand",1,0.133333333333333,"United States","Australia New Zealand"
"United States of America","Norway",19,2.53333333333333,"United States","NW Europe"
"United States of America","Pakistan",8,1.06666666666667,"United States","West Asia"
"United States of America","Poland",11,1.46666666666667,"United States","NE Europe"
"United States of America","Republic of Korea",1,0.133333333333333,"United States","East Asia"
"United States of America","Russian Federation",1,0.133333333333333,"United States","NE Europe"
"United States of America","Sudan (former)",1,0.133333333333333,"United States","East Africa"
"United States of America","Turkey",6,0.8,"United States","West Asia"
"United States of America","Ukraine",1,0.133333333333333,"United States","NE Europe"
"United States of America","United Kingdom",9,1.2,"United States","NW Europe"
"United States of America","United States of America",32,4.26666666666667,"United States","United States"
"United States of America","Zambia",1,0.133333333333333,"United States","Southern Africa"
"Uruguay","Argentina",4,0.533333333333333,"Temp. S. America","Temp. S. America"
"Uruguay","Belarus",1,0.133333333333333,"Temp. S. America","NE Europe"
"Uruguay","Canada",45,6,"Temp. S. America","Canada"
"Uruguay","China",3,0.4,"Temp. S. America","East Asia"
"Uruguay","Germany",3,0.4,"Temp. S. America","NW Europe"
"Uruguay","Poland",2,0.266666666666667,"Temp. S. America","NE Europe"
"Uruguay","Switzerland",1,0.133333333333333,"Temp. S. America","NW Europe"
"Uruguay","Ukraine",1,0.133333333333333,"Temp. S. America","NE Europe"
"Uzbekistan","Canada",9,1.2,"Central Asia","Canada"
"Uzbekistan","China",3,0.4,"Central Asia","East Asia"
"Uzbekistan","Egypt",2,0.266666666666667,"Central Asia","SE Mediterranean"
"Uzbekistan","Germany",3,0.4,"Central Asia","NW Europe"
"Uzbekistan","Iran (Islamic Republic of)",1,0.133333333333333,"Central Asia","West Asia"
"Uzbekistan","United States of America",4,0.533333333333333,"Central Asia","United States"
"Venezuela (Bolivarian Republic of)","Chile",1,0.133333333333333,"Trop. S. America","Andes"
"Yemen","Canada",4,0.533333333333333,"West Asia","Canada"
"Yemen","India",18,2.4,"West Asia","South Asia"
"Yemen","Pakistan",1,0.133333333333333,"West Asia","West Asia"
"Yemen","Poland",1,0.133333333333333,"West Asia","NE Europe"
"Zambia","India",72,9.6,"Southern Africa","South Asia"
"Zimbabwe","Canada",4,0.533333333333333,"Southern Africa","Canada"
"Zimbabwe","Chile",1,0.133333333333333,"Southern Africa","Andes"
"Zimbabwe","Poland",1,0.133333333333333,"Southern Africa","NE Europe"
"Zimbabwe","Zambia",1,0.133333333333333,"Southern Africa","Southern Africa"
